SAMPLE_ID,REPORT,CANCER_TYPE,CANCER_TYPE_DETAILED,SAMPLE_TYPE_DETAILED
GENIE-MSK-P-0018547-T01-IM6,"Sex of patient: Female
NUP93 exon 2 missense variant p.E14K (G>A)
NCOR1 exon 42 frameshift variant p.S2187Vfs*2 (C>-)
PIK3CA exon 10 missense variant p.E542K (G>A)
KRAS exon 2 missense variant p.G13D (C>T)
KDM6A exon 28 stop gained p.E1381* (G>T)
NF1 exon NA splice acceptor variant p.X2397_splice (A>G)
CDH1 exon 4 missense variant p.W156R (T>A)
CBFB exon NA splice donor variant p.X94_splice (G>T)
TBX3 exon 8 frameshift variant p.M594Dfs*35 (TTCCGAAAGGGGACAT>CATGTC)

The following somatic copy number abnormalities were detected:


The following somatic fusions were detected:


The following chromosomal arm-level changes were detected:
Amplification in Chr 16p
Amplification in Chr 1q
Deletion in Chr 13q
Deletion in Chr 16q
Deletion in Chr 17p
Deletion in Chr Xq

",Breast Cancer,Invasive Breast Carcinoma,Metastasis site unspecified
GENIE-MSK-P-0020851-T01-IM6,"Sex of patient: Female
NOTCH3 exon 33 frameshift variant p.L2186Cfs*60 (G>-)
STK11 exon NA splice donor variant p.X97_splice (T>-)
NSD1 exon 5 frameshift variant p.P823Lfs*15 (->CT)

The following somatic copy number abnormalities were detected:
CCND1 amplification
FGF19 amplification
FGF3 amplification
FGF4 amplification
FGFR1 amplification
RAC2 deletion
WHSC1L1 amplification

The following somatic fusions were detected:


The following chromosomal arm-level changes were detected:
Amplification in Chr 12q
Amplification in Chr 14q
Amplification in Chr 16p
Amplification in Chr 17p
Amplification in Chr 17q
Amplification in Chr 21q
Amplification in Chr 3p
Amplification in Chr 3q
Amplification in Chr 8q
Deletion in Chr 11q
Deletion in Chr 16q
Deletion in Chr 1p
Deletion in Chr 22q
Deletion in Chr 5p
Deletion in Chr 5q
Deletion in Chr 8p
Deletion in Chr 9p

",Breast Cancer,Breast Invasive Ductal Carcinoma,Metastasis site unspecified
GENIE-MSK-P-0021079-T01-IM6,"Sex of patient: Male
KMT2B exon 12 missense variant p.P1236L (C>T)
KMT2D exon NA splice acceptor variant p.X4692_splice (T>C)
AKT2 exon 6 missense variant,splice region variant p.K191M (T>A)
FGFR3 exon 6 missense variant p.S249C (C>G)
HIST1H3D exon 1 frameshift variant p.T108* (->CA)
CREBBP exon 26 frameshift variant p.I1453Kfs*26 (A>TT)

NSD1 exon 7 frameshift variant p.A1366Gfs*2 (->G)
KMT2D exon 48 missense variant p.R5179L (C>A)
SLX4 exon 12 missense variant p.E993Q (C>G)
KMT2B exon 3 frameshift variant p.K553Qfs*46 (->C)
KDM6A exon 29 frameshift variant p.P1395Hfs*143 (C>-)

The following somatic copy number abnormalities were detected:
CRLF2 deletion

The following somatic fusions were detected:


The following chromosomal arm-level changes were detected:
Amplification in Chr 1q
Deletion in Chr 14q

",Bladder Cancer,Bladder Urothelial Carcinoma,Primary tumor
GENIE-MSK-P-0047341-T01-IM6,"Sex of patient: Male
NOTCH3 exon 33 missense variant p.G2076R (C>T)
DUSP4 exon 3 frameshift variant p.L200Ffs*27 (G>-)
PAK7 exon 4 missense variant p.E144K (C>T)
GRIN2A exon 13 missense variant p.S1410L (G>A)
KDR exon 14 missense variant p.E685K (C>T)
NCOA3 exon 12 missense variant p.L593F (C>T)
NF1 exon 37 frameshift variant p.I1618Rfs*2 (TCAAT>-)
ERBB4 exon 6 missense variant p.C234R (A>G)
INHBA exon 3 missense variant p.E284K (C>T)
IGF1 exon 4 missense variant p.G194E (C>T)
MPL exon 12 missense variant p.M589I (G>A)
NF1 exon 37 frameshift variant p.P1667Sfs*15 (->T)
KNSTRN exon 1 missense variant p.S24F (C>T)
TERT exon 6 missense variant p.D718N (C>T)
CDK12 exon 4 missense variant p.I729_I730delinsTF (TTA>CAT)
RAD51 exon 10 stop lost p.*340Wext*8 (A>G)
CDKN2A exon NA splice donor variant p.X153_splice (A>C)
KMT2B exon 26 frameshift variant p.R1762Vfs*133 (CC>T)
EPHA7 exon 5 missense variant p.G420R (C>T)
PTPRD exon 9 missense variant p.S239F (G>A)
ERBB2 exon 24 missense variant p.C965F (G>T)
PTPRD exon 29 missense variant p.E1576K (C>T)
AURKA exon 4 missense variant p.P36S (G>A)
TET2 exon 10 missense variant p.A1474V (C>T)
NTRK3 exon 13 missense variant p.A478T (C>T)
MTOR exon 12 missense variant p.V662A (A>G)
TSHR exon 11 missense variant p.R609Q (G>A)
RAD50 exon 12 missense variant p.H471Y (C>T)
JAK3 exon 3 missense variant p.R101K (C>T)
SESN1 exon 6 frameshift variant p.E307Vfs*57 (CTCT>-)
FGFR1 exon 10 missense variant p.R445W (G>A)
PREX2 exon 33 missense variant p.S1349F (C>T)
CBL exon 1 missense variant p.S22L (C>T)
SESN1 exon 3 missense variant p.R117C (G>A)
NOTCH4 exon 6 missense variant p.R327K (C>T)
PIK3C3 exon 17 missense variant p.F635Y (T>A)
CIC exon 11 missense variant p.P909S (C>T)
AXL exon 4 missense variant p.T154N (C>A)
PTPRD exon 29 missense variant p.G1643E (C>T)
EPHA7 exon 3 missense variant p.N124D (T>C)
CDKN2A exon 2 missense variant p.P114L (G>A)
SLX4 exon 12 missense variant p.P1359S (G>A)
TERT exon 9 missense variant p.S838F (G>A)
FLT4 exon 5 missense variant p.E182K (C>T)
SLX4 exon 5 missense variant p.V371L (C>G)
EPHA7 exon 3 missense variant p.S225F (G>A)
ARID1B exon 8 stop gained p.Q876* (C>T)
POLD1 exon 21 missense variant p.E902K (G>A)
PTPRD exon 10 missense variant p.E406K (C>T)
HGF exon 2 missense variant p.S45L (G>A)
TP63 exon 11 missense variant p.S458L (C>T)
ERBB2 exon 13 missense variant p.G518E (G>A)
CBL exon 9 missense variant p.C419R (T>C)
PIK3C2G exon 30 missense variant p.E1394K (G>A)
KMT2B exon 23 missense variant p.L1659H (T>A)
EZH1 exon 17 missense variant p.P619L (GG>AA)
ALK exon 3 missense variant p.S289F (G>A)
DCUN1D1 exon 5 stop gained p.W196* (C>T)
CARD11 exon 15 missense variant p.S610F (G>A)
ABL1 exon 9 missense variant p.S485F (C>T)
SMARCA4 exon 16 missense variant p.P805L (C>T)
ERF exon 4 missense variant p.P500L (G>A)
ARID1A exon 17 stop gained p.Q1363* (C>T)
CSF1R exon 3 missense variant p.P28S (G>A)
NOTCH1 exon 17 frameshift variant p.D907Gfs*267 (CGGCAGTCGTCGATGT>-)
RET exon 10 missense variant p.E595K (G>A)
IKZF1 exon 8 missense variant p.G512E (G>A)
KIT exon 14 missense variant p.F681L (T>G)
SYK exon 12 missense variant p.D554N (G>A)
TP53 exon 7 missense variant p.R248W (G>A)
MYCN exon 3 missense variant p.P325S (C>T)
TP63 exon 4 missense variant p.P163L (C>T)

YAP1 exon 3 missense variant p.P202S (C>T)
FLT3 exon 8 missense variant p.S318L (G>A)
PTEN exon 9 missense variant p.P357L (C>T)
WT1 exon 4 missense variant p.N310S (T>C)
ACVR1 exon 8 missense variant p.S290L (G>A)
ZFHX3 exon 9 missense variant p.D2262N (C>T)
PIK3R3 exon 4 missense variant p.S132F (G>A)
GRIN2A exon 13 missense variant p.G1326S (C>T)
DNMT3A exon 23 missense variant p.R899C (G>A)
PTPRT exon 27 missense variant p.S1271F (G>A)
ALK exon 29 missense variant p.S1509F (G>A)
KMT2D exon 39 missense variant p.P3701S (G>A)
SETD2 exon 3 stop gained p.R620* (G>A)
PMS2 exon 2 missense variant p.H24Y (G>A)
POLD1 exon 13 missense variant p.P542L (C>T)
PTPRT exon 17 missense variant p.M881I (C>T)
FGFR3 exon 12 missense variant p.P573L (CC>TT)
RTEL1 exon 30 missense variant p.G975R (G>C)
NF2 exon 16 missense variant p.S587F (C>T)
TEK exon 9 missense variant,splice region variant p.P395S (C>T)
AXIN1 exon 2 missense variant p.S281F (G>A)
KMT2C exon 36 missense variant p.S2064L (G>A)

The following somatic copy number abnormalities were detected:


The following somatic fusions were detected:


The following chromosomal arm-level changes were detected:
Amplification in Chr 20q
Amplification in Chr 6p
Amplification in Chr Xp
Amplification in Chr Xq

",Melanoma,Cutaneous Melanoma,Metastasis site unspecified
GENIE-MSK-P-0046248-T01-IM6,"Sex of patient: Male
KMT2B exon 37 missense variant p.G2627R (G>A)
KRAS exon 2 missense variant p.G12D (C>T)
TP53 exon 4 missense variant p.G105C (C>A)

The following somatic copy number abnormalities were detected:
AKT2 amplification
CCNE1 amplification
PAX5 amplification

The following somatic fusions were detected:


The following chromosomal arm-level changes were detected:
Amplification in Chr 8q

",Pancreatic Cancer,Pancreatic Adenocarcinoma,Primary tumor
GENIE-MSK-P-0064282-T01-IM7,"Sex of patient: Female
CIC exon 12 missense variant p.S982R (C>G)
STAG2 exon 20 stop gained p.R614* (C>T)
SETD2 exon 3 missense variant p.D758G (T>C)
ETAA1 exon 5 missense variant p.E864K (G>A)
TP63 exon 6 frameshift variant p.P289* (TACCT>-)
TP53 exon 7 missense variant p.M237I (C>T)
PLK2 exon 11 missense variant p.A476T (C>T)
IKBKE exon 8 missense variant p.T238I (C>T)

The following somatic copy number abnormalities were detected:


The following somatic fusions were detected:


The following chromosomal arm-level changes were detected:
Amplification in Chr 9p
Deletion in Chr 4p
Deletion in Chr 4q
Deletion in Chr 9q

",Ovarian Cancer,High-Grade Serous Ovarian Cancer,Metastasis site unspecified
GENIE-MSK-P-0064764-T01-IM7,"Sex of patient: Male
ATM exon 26 missense variant,splice region variant p.Q1331H (G>C)
CREBBP exon 26 frameshift variant p.Y1460Lfs*19 (->A)
PTEN exon 1 missense variant p.D24H (G>C)
RB1 exon 23 frameshift variant p.L809Rfs*17 (T>-)
TSC2 exon 40 stop gained p.E1692* (G>T)
TP53 exon 5 missense variant p.Y163H (A>G)

The following somatic copy number abnormalities were detected:


The following somatic fusions were detected:
BRAF (NM_004333) - SND1 (NM_014390) fusion: c.1140+819:BRAF_c.1039-3950:SND1inv
RGS3 (NM_144488) - BRAF (NM_004333) fusion: t(7;9)(q34;q32)(chr7:g.140493282::chr9:g.116291333)
POSITIVE FOR THE FOLLOWING GENE FUSION IN THE CLINICALLY VALIDATED PANEL: SND1-BRAF fusion. Note: The rearrangement is an in-frame fusion between genes SND1 Exon9 (NM_014390) and BRAF Exon9 (NM_004333).

The following chromosomal arm-level changes were detected:
Amplification in Chr 12q
Amplification in Chr 19p
Amplification in Chr 19q
Amplification in Chr 20p
Amplification in Chr 20q
Amplification in Chr 21p
Amplification in Chr 21q
Amplification in Chr 8q
Amplification in Chr 9q
Deletion in Chr 10p
Deletion in Chr 10q
Deletion in Chr 11p
Deletion in Chr 11q
Deletion in Chr 13q
Deletion in Chr 16p
Deletion in Chr 16q
Deletion in Chr 17p
Deletion in Chr 17q
Deletion in Chr 22q
Deletion in Chr 3p
Deletion in Chr 6p
Deletion in Chr 6q
Deletion in Chr 9p

",Pancreatic Cancer,Acinar Cell Carcinoma of the Pancreas,Primary tumor
GENIE-MSK-P-0076800-T02-IM7,"Sex of patient: Male


The following somatic copy number abnormalities were detected:
AGO2 amplification
BIRC3 amplification
CCND1 amplification
ESR1 deletion
FGF19 amplification
FGF3 amplification
FGF4 amplification
FGFR3 amplification
HIST2H3C amplification
MCL1 amplification
MYC amplification
NFE2L2 amplification
RAD21 amplification
RECQL4 amplification
SETDB1 amplification
WWTR1 amplification

The following somatic fusions were detected:
CTNNB1 (NM_001904) - MYRIP (NM_015460) rearrangement: c.13+5:CTNNB1_c.111-7724:MYRIPdup

The following chromosomal arm-level changes were detected:
Amplification in Chr 8q
Deletion in Chr 16q
Deletion in Chr 22q
Deletion in Chr 8p
Deletion in Chr Xq

",Prostate Cancer,Prostate Adenocarcinoma,Metastasis site unspecified
GENIE-MSK-P-0077752-T01-IM7,"Sex of patient: Female
TP53 exon 6 missense variant p.G199V (C>A)
PDGFRB exon 18 missense variant p.A828V (G>A)
KRAS exon 2 missense variant p.G12D (C>T)
BRCA2 exon 27 frameshift variant p.S3250Qfs*25 (T>-)
TGFBR2 exon 4 missense variant p.H301R (A>G)
TRAF7 exon 12 missense variant p.R371W (C>T)

The following somatic copy number abnormalities were detected:
BRIP1 amplification

The following somatic fusions were detected:


The following chromosomal arm-level changes were detected:


",Pancreatic Cancer,Pancreatic Adenocarcinoma,Primary tumor
