SAMPLE_ID,prediction1,prob1,prediction2,prob2,sex,sex_used,key_genes,key_arm_changes,key_scnas,key_fusions,explanation,ground_truth
GENIE-MSK-P-0018547-T01-IM6,Breast Cancer,0.95,Endometrial Cancer,0.05,Female,True,"[""PIK3CA"", ""CDH1"", ""KRAS""]","[""Amplification in Chr 1q"", ""Deletion in Chr 16q"", ""Deletion in Chr 17p""]",,,"The combination of a CDH1 mutation with a PIK3CA hotspot mutation and the classic chromosomal arm‐level alterations (notably 1q amplification and 16q deletion) strongly point toward breast cancer, particularly the invasive lobular subtype, in a female patient.",Breast Cancer
GENIE-MSK-P-0020851-T01-IM6,Breast Cancer,0.85,Head and Neck Cancer,0.1,Female,True,,"[""Deletion in Chr 16q"", ""Amplification in Chr 8q"", ""Deletion in Chr 1p""]","[""CCND1 amplification"", ""FGFR1 amplification"", ""FGF3 amplification""]",,The presence of a striking 11q13 amplification event (encompassing CCND1 and several FGF genes) combined with classic chromosomal arm‐level changes such as deletion in 16q and amplification in 8q strongly support a diagnosis of Breast Cancer.,Breast Cancer
GENIE-MSK-P-0021079-T01-IM6,Bladder Cancer,0.93,Prostate Cancer,0.05,Male,True,"[""FGFR3"", ""KDM6A"", ""NSD1""]","[""Amplification in Chr 1q"", ""Deletion in Chr 14q""]","[""CRLF2 deletion""]",,"The presence of a classic FGFR3 p.S249C hotspot mutation along with a KDM6A frameshift mutation—both strongly associated with non‐muscle invasive bladder cancer—drives the top prediction of Bladder Cancer, while the patient’s male sex makes Prostate Cancer a reasonable although much less likely alternative.",Bladder Cancer
GENIE-MSK-P-0047341-T01-IM6,Melanoma,0.85,Head and Neck Cancer,0.15,Male,True,"[""NF1"", ""TERT"", ""GRIN2A""]","[""Amplification in Chr 20q"", ""Amplification in Chr 6p"", ""Amplification in Chr Xp""]",,,"The report shows a high mutational burden with recurrent loss‐of‑function alterations in NF1 and dual TERT mutations along with GRIN2A changes, which are characteristic of melanoma. Some additional alterations in NOTCH family members and TP53 lend minor support to head and neck cancer, making it the second possibility.",Melanoma
GENIE-MSK-P-0046248-T01-IM6,Pancreatic Cancer,0.85,Colorectal Cancer,0.1,Male,False,"[""KRAS"", ""TP53"", ""KMT2B""]","[""Amplification in Chr 8q""]","[""AKT2 amplification"", ""CCNE1 amplification"", ""PAX5 amplification""]",,"The combination of a KRAS G12D mutation with a TP53 alteration, along with amplifications of AKT2 and CCNE1 and the amplification of Chr 8q, are molecular features strongly associated with pancreatic cancer.",Pancreatic Cancer
GENIE-MSK-P-0064282-T01-IM7,Bladder Cancer,0.8,Head and Neck Cancer,0.15,Female,True,"[""STAG2"", ""TP53"", ""SETD2""]","[""Amplification in Chr 9p"", ""Deletion in Chr 4p"", ""Deletion in Chr 4q""]",,,"Mutations in STAG2, TP53, and SETD2 are frequently observed in bladder cancer, and the concurrent arm‐level changes (notably involving 9p and 4p/4q) further support a urothelial malignancy; the TP63 alteration and some copy‐number profiles also leave room for a head and neck squamous carcinoma as a secondary possibility.",Ovarian Cancer
GENIE-MSK-P-0064764-T01-IM7,Prostate Cancer,0.85,Glioma,0.1,Male,True,"[""PTEN"", ""RB1"", ""TP53""]","[""Deletion in Chr 10q"", ""Deletion in Chr 13q"", ""Amplification in Chr 8q""]",,,"The convergence of multiple tumor suppressor alterations (notably PTEN, RB1, and TP53) with key chromosomal arm‐level events such as 10q deletion and 8q amplification is a hallmark of advanced prostate cancer in a male patient, making it the top prediction.",Pancreatic Cancer
GENIE-MSK-P-0076800-T02-IM7,Breast Cancer,0.85,Head and Neck Cancer,0.1,Male,True,"[""CCND1"", ""MYC"", ""ESR1""]","[""Amplification in Chr 8q"", ""Deletion in Chr 16q"", ""Deletion in Chr 8p""]","[""CCND1 amplification"", ""MYC amplification"", ""FGFR3 amplification""]","[""CTNNB1-MYRIP rearrangement""]","The detection of an 11q13 amplicon (including CCND1 and the FGF19/FGF3/FGF4 cluster), together with classic breast cancer copy‐number patterns such as 8q amplification and 16q deletion, points strongly to breast cancer—even in a male patient—while similar alterations are occasionally seen in head and neck cancers.",Prostate Cancer
GENIE-MSK-P-0077752-T01-IM7,Breast Cancer,0.75,Ovarian Cancer,0.25,Female,True,"[""BRCA2"", ""TP53"", ""KRAS""]",,"[""BRIP1 amplification""]",,"The sample shows a truncating BRCA2 mutation and a TP53 missense variant, which are common in HR‑deficient breast tumors, and the patient’s female sex further supports a breast cancer origin; the additional KRAS alteration leaves ovarian cancer as a plausible secondary possibility.",Pancreatic Cancer
